champion,position,경기수,승률,픽률
KogMaw,BOTTOM,16,0.625,0.0095
Zeri,BOTTOM,49,0.6122,0.029
Zed,BOTTOM,5,0.6,0.003
Viktor,BOTTOM,40,0.575,0.0236
Cassiopeia,BOTTOM,37,0.5676,0.0219
Caitlyn,BOTTOM,70,0.5571,0.0414
Kalista,BOTTOM,112,0.5536,0.0662
Ziggs,BOTTOM,38,0.5526,0.0225
Varus,BOTTOM,20,0.55,0.0118
Velkoz,BOTTOM,11,0.5455,0.0065
Draven,BOTTOM,13,0.5385,0.0077
Yunara,BOTTOM,196,0.5306,0.1158
Vladimir,BOTTOM,17,0.5294,0.01
Yasuo,BOTTOM,19,0.5263,0.0112
Xerath,BOTTOM,42,0.5238,0.0248
Corki,BOTTOM,50,0.52,0.0296
Kaisa,BOTTOM,149,0.5168,0.0881
Katarina,BOTTOM,6,0.5,0.0035
Mel,BOTTOM,10,0.5,0.0059
Seraphine,BOTTOM,8,0.5,0.0047
Jhin,BOTTOM,196,0.4847,0.1158
Syndra,BOTTOM,31,0.4839,0.0183
Ezreal,BOTTOM,187,0.4759,0.1105
Sivir,BOTTOM,26,0.4615,0.0154
MissFortune,BOTTOM,22,0.4545,0.013
Ashe,BOTTOM,25,0.44,0.0148
Tristana,BOTTOM,51,0.4314,0.0301
Lucian,BOTTOM,82,0.4268,0.0485
Xayah,BOTTOM,40,0.425,0.0236
Aphelios,BOTTOM,20,0.4,0.0118
Hwei,BOTTOM,11,0.3636,0.0065
Taliyah,BOTTOM,17,0.2941,0.01
Jinx,BOTTOM,25,0.24,0.0148
FiddleSticks,JUNGLE,13,0.6923,0.0077
Talon,JUNGLE,49,0.6735,0.029
Fizz,JUNGLE,12,0.6667,0.0071
Rengar,JUNGLE,32,0.6562,0.0189
Hecarim,JUNGLE,55,0.6182,0.0325
Zyra,JUNGLE,31,0.6129,0.0183
Jax,JUNGLE,5,0.6,0.003
Elise,JUNGLE,7,0.5714,0.0041
Maokai,JUNGLE,21,0.5714,0.0124
Taliyah,JUNGLE,28,0.5714,0.0165
Qiyana,JUNGLE,186,0.5591,0.1099
Nocturne,JUNGLE,34,0.5588,0.0201
Kindred,JUNGLE,22,0.5455,0.013
Olaf,JUNGLE,11,0.5455,0.0065
Sylas,JUNGLE,43,0.5349,0.0254
Jayce,JUNGLE,34,0.5294,0.0201
Shyvana,JUNGLE,25,0.52,0.0148
LeeSin,JUNGLE,235,0.5106,0.1389
Vi,JUNGLE,77,0.5065,0.0455
JarvanIV,JUNGLE,74,0.5,0.0437
MonkeyKing,JUNGLE,18,0.5,0.0106
Pantheon,JUNGLE,36,0.5,0.0213
Sejuani,JUNGLE,10,0.5,0.0059
Skarner,JUNGLE,28,0.5,0.0165
Chogath,JUNGLE,104,0.4808,0.0615
RekSai,JUNGLE,34,0.4706,0.0201
Nidalee,JUNGLE,97,0.4639,0.0573
Graves,JUNGLE,48,0.4583,0.0284
Khazix,JUNGLE,11,0.4545,0.0065
Evelynn,JUNGLE,9,0.4444,0.0053
Trundle,JUNGLE,9,0.4444,0.0053
Ambessa,JUNGLE,14,0.4286,0.0083
Diana,JUNGLE,14,0.4286,0.0083
Shaco,JUNGLE,5,0.4,0.003
Zed,JUNGLE,10,0.4,0.0059
XinZhao,JUNGLE,23,0.3913,0.0136
Belveth,JUNGLE,11,0.3636,0.0065
Naafiri,JUNGLE,70,0.3571,0.0414
Zac,JUNGLE,28,0.3571,0.0165
Camille,JUNGLE,6,0.3333,0.0035
Viego,JUNGLE,36,0.3056,0.0213
Karthus,JUNGLE,7,0.2857,0.0041
Locke,JUNGLE,7,0.2857,0.0041
MasterYi,JUNGLE,14,0.2857,0.0083
Ivern,JUNGLE,8,0.25,0.0047
Lillia,JUNGLE,8,0.25,0.0047
Poppy,JUNGLE,6,0.1667,0.0035
Singed,MIDDLE,7,0.8571,0.0041
Diana,MIDDLE,9,0.6667,0.0053
Fizz,MIDDLE,25,0.64,0.0148
Annie,MIDDLE,11,0.6364,0.0065
Taliyah,MIDDLE,44,0.6136,0.026
Pantheon,MIDDLE,10,0.6,0.0059
Riven,MIDDLE,5,0.6,0.003
Zeri,MIDDLE,5,0.6,0.003
Irelia,MIDDLE,12,0.5833,0.0071
Tryndamere,MIDDLE,7,0.5714,0.0041
TwistedFate,MIDDLE,83,0.5663,0.0491
Lissandra,MIDDLE,23,0.5652,0.0136
Vladimir,MIDDLE,16,0.5625,0.0095
Aurora,MIDDLE,27,0.5556,0.016
Viktor,MIDDLE,36,0.5556,0.0213
Cassiopeia,MIDDLE,112,0.5536,0.0662
Hwei,MIDDLE,20,0.55,0.0118
Orianna,MIDDLE,75,0.5467,0.0443
Zoe,MIDDLE,75,0.5467,0.0443
Ekko,MIDDLE,11,0.5455,0.0065
Jayce,MIDDLE,13,0.5385,0.0077
Syndra,MIDDLE,140,0.5357,0.0827
Nasus,MIDDLE,29,0.5172,0.0171
AurelionSol,MIDDLE,10,0.5,0.0059
Mel,MIDDLE,8,0.5,0.0047
Yasuo,MIDDLE,38,0.5,0.0225
Yone,MIDDLE,96,0.4792,0.0567
Locke,MIDDLE,105,0.4762,0.0621
Zed,MIDDLE,17,0.4706,0.01
Galio,MIDDLE,78,0.4615,0.0461
Tristana,MIDDLE,39,0.4615,0.023
Xerath,MIDDLE,22,0.4545,0.013
Akali,MIDDLE,78,0.4487,0.0461
Ryze,MIDDLE,87,0.4368,0.0514
Sylas,MIDDLE,65,0.4308,0.0384
Akshan,MIDDLE,7,0.4286,0.0041
Katarina,MIDDLE,21,0.4286,0.0124
Anivia,MIDDLE,24,0.4167,0.0142
Azir,MIDDLE,17,0.4118,0.01
Malzahar,MIDDLE,10,0.4,0.0059
Talon,MIDDLE,20,0.4,0.0118
Ahri,MIDDLE,33,0.3939,0.0195
Leblanc,MIDDLE,29,0.3448,0.0171
Ambessa,MIDDLE,6,0.3333,0.0035
Qiyana,MIDDLE,20,0.3,0.0118
Vex,MIDDLE,5,0.2,0.003
Renekton,MIDDLE,5,0.0,0.003
Poppy,TOP,6,0.8333,0.0035
Yorick,TOP,12,0.75,0.0071
Riven,TOP,27,0.7037,0.016
Lissandra,TOP,16,0.6875,0.0095
Sett,TOP,12,0.6667,0.0071
Vladimir,TOP,9,0.6667,0.0053
Zed,TOP,9,0.6667,0.0053
Zoe,TOP,6,0.6667,0.0035
Chogath,TOP,11,0.6364,0.0065
Warwick,TOP,8,0.625,0.0047
DrMundo,TOP,23,0.6087,0.0136
Ornn,TOP,5,0.6,0.003
Tryndamere,TOP,5,0.6,0.003
Aatrox,TOP,17,0.5882,0.01
Aurora,TOP,7,0.5714,0.0041
Irelia,TOP,28,0.5714,0.0165
Shen,TOP,7,0.5714,0.0041
Tristana,TOP,7,0.5714,0.0041
Malphite,TOP,25,0.56,0.0148
Maokai,TOP,9,0.5556,0.0053
Qiyana,TOP,9,0.5556,0.0053
Olaf,TOP,172,0.5349,0.1017
Yasuo,TOP,15,0.5333,0.0089
Gangplank,TOP,32,0.5312,0.0189
Gwen,TOP,38,0.5263,0.0225
Kled,TOP,23,0.5217,0.0136
Fiora,TOP,81,0.5185,0.0479
Kennen,TOP,31,0.5161,0.0183
Camille,TOP,128,0.5078,0.0757
Ambessa,TOP,91,0.5055,0.0538
Jax,TOP,91,0.5055,0.0538
Corki,TOP,8,0.5,0.0047
Galio,TOP,6,0.5,0.0035
Teemo,TOP,8,0.5,0.0047
Yone,TOP,38,0.5,0.0225
Rumble,TOP,48,0.4792,0.0284
Nasus,TOP,53,0.4717,0.0313
KSante,TOP,81,0.4691,0.0479
Trundle,TOP,11,0.4545,0.0065
Varus,TOP,11,0.4545,0.0065
Renekton,TOP,29,0.4483,0.0171
Anivia,TOP,23,0.4348,0.0136
Jayce,TOP,145,0.4276,0.0857
Gragas,TOP,12,0.4167,0.0071
Gnar,TOP,53,0.4151,0.0313
Pantheon,TOP,25,0.4,0.0148
Ryze,TOP,5,0.4,0.003
Akali,TOP,8,0.375,0.0047
Darius,TOP,8,0.375,0.0047
Singed,TOP,19,0.3684,0.0112
Vayne,TOP,42,0.3333,0.0248
Rengar,TOP,6,0.1667,0.0035
Nidalee,TOP,7,0.1429,0.0041
Sion,TOP,8,0.125,0.0047
Elise,UTILITY,20,0.7,0.0118
Rengar,UTILITY,6,0.6667,0.0035
Senna,UTILITY,12,0.6667,0.0071
Galio,UTILITY,8,0.625,0.0047
Lissandra,UTILITY,5,0.6,0.003
Alistar,UTILITY,113,0.5752,0.0668
Taric,UTILITY,21,0.5714,0.0124
Maokai,UTILITY,23,0.5652,0.0136
Seraphine,UTILITY,43,0.5581,0.0254
Lulu,UTILITY,133,0.5564,0.0786
Skarner,UTILITY,9,0.5556,0.0053
Renata,UTILITY,67,0.5373,0.0396
Karma,UTILITY,74,0.527,0.0437
Pantheon,UTILITY,41,0.5122,0.0242
Milio,UTILITY,51,0.5098,0.0301
Rell,UTILITY,107,0.5047,0.0632
Nautilus,UTILITY,125,0.504,0.0739
Poppy,UTILITY,60,0.5,0.0355
Shen,UTILITY,94,0.5,0.0556
Sylas,UTILITY,6,0.5,0.0035
TahmKench,UTILITY,6,0.5,0.0035
Rakan,UTILITY,67,0.4925,0.0396
Bard,UTILITY,145,0.4828,0.0857
Leona,UTILITY,48,0.4792,0.0284
Braum,UTILITY,17,0.4706,0.01
Camille,UTILITY,139,0.4676,0.0822
Leblanc,UTILITY,7,0.4286,0.0041
Pyke,UTILITY,54,0.4259,0.0319
Thresh,UTILITY,36,0.4167,0.0213
Neeko,UTILITY,34,0.4118,0.0201
Lux,UTILITY,10,0.4,0.0059
Blitzcrank,UTILITY,28,0.3929,0.0165
Yuumi,UTILITY,9,0.2222,0.0053
Anivia,UTILITY,5,0.2,0.003
Fiora,UTILITY,5,0.2,0.003
