rank,tier,name,tag,lp,wins,losses
1,CHALLENGER,DNS 또이브,KR13,2799,830,709
2,CHALLENGER,抖音阿甘爱跑步,xtz小弟,2798,439,352
3,CHALLENGER,Aileri,KR1,2729,316,252
4,CHALLENGER,WBG招641950117,WBG,2683,629,577
5,CHALLENGER,Daemi,Arneb,2610,339,279
6,CHALLENGER,정 진,이용승,2608,286,222
7,CHALLENGER,노익스강,noex,2592,331,278
8,CHALLENGER,抖音王纪超,26号首秀,2584,586,507
9,CHALLENGER,DK Lucid,KR1,2582,404,328
10,CHALLENGER,Grizzly,KR3,2561,530,445
11,CHALLENGER,Hebi,KRX,2559,256,167
12,CHALLENGER,삘삘이,피루07,2556,390,284
13,CHALLENGER,SeTab,123,2537,308,264
14,CHALLENGER,Ivory,1012,2535,581,510
15,CHALLENGER,JUGKlNG,kr,2529,317,238
16,CHALLENGER,DK Smash,KR7,2526,426,373
17,CHALLENGER,suis,kr7,2519,322,248
18,CHALLENGER,BebePink,KR 1,2514,312,218
19,CHALLENGER,KRX Vincenzo,KR4,2506,680,641
20,CHALLENGER,dyxiaofang,Miss,2503,288,226
21,CHALLENGER,DK ShowMaker,KR1,2502,352,281
22,CHALLENGER,DNS Flip,2008,2499,526,456
23,CHALLENGER,Peyz,KR11,2487,446,378
24,CHALLENGER,대광 ,God,2484,324,251
25,CHALLENGER,미소녀,mio韩服,2463,265,124
26,CHALLENGER,길가다가까까사달라고조르는이도윤,KR1,2455,457,369
27,CHALLENGER,Departures,Kami,2443,532,468
28,CHALLENGER,잊어주세요,0202,2443,331,216
29,CHALLENGER,Kimman,zxfkk,2431,415,335
30,CHALLENGER,HLE Gumayusi,0298,2423,466,380
31,CHALLENGER,트래킹,99999,2418,378,290
32,CHALLENGER,kiin,KR1,2417,303,227
33,CHALLENGER,Bluffing,1207,2414,578,535
34,CHALLENGER,EDG BuLLDoG,KR2,2408,548,480
35,CHALLENGER,Pungyeon,0116,2402,807,751
36,CHALLENGER,Casting,KR11,2401,435,370
37,CHALLENGER,카 엘,0211,2376,327,259
38,CHALLENGER,Frog,KRX,2374,492,449
39,CHALLENGER,TOPKING,asd,2364,685,632
40,CHALLENGER,OwO,43351,2363,385,323
41,CHALLENGER,MIDKING,asd,2360,263,150
42,CHALLENGER,Rich,8686,2350,395,349
43,CHALLENGER,Sylvie,77777,2348,324,269
44,CHALLENGER,서릿빛 겨울의 설흔,잔 향,2347,428,365
45,CHALLENGER,허거덩,0303,2344,209,136
46,CHALLENGER,태양물고기,6797,2323,533,467
47,CHALLENGER,어쩌라고맞짱뜰까,HOYA,2320,512,482
48,CHALLENGER,T1 구름,2007,2320,411,364
49,CHALLENGER,haerin,하이린,2306,738,694
50,CHALLENGER,Naruto,Helix,2306,350,291
51,CHALLENGER,Sharvel,1102,2301,597,568
52,CHALLENGER,Odysseus,KR131,2298,252,134
53,CHALLENGER,Selfless,KR11,2289,559,470
54,CHALLENGER,KRX Ucal,0130,2287,295,251
55,CHALLENGER,편민기,편민기,2285,847,792
56,CHALLENGER,PerfecT,132,2273,384,312
57,CHALLENGER,Simsons,spfd,2269,217,143
58,CHALLENGER,new number ,KR1,2268,238,132
59,CHALLENGER,T1 Guardian,KR3,2267,750,695
60,CHALLENGER,抖音小y,zzzz,2267,319,202
61,CHALLENGER,타 잔,KR1,2264,459,401
62,CHALLENGER,WBG Moham,lpl,2264,349,291
63,CHALLENGER,Bonnie,0314,2263,444,406
64,CHALLENGER,YoRu,KR7,2261,475,434
65,CHALLENGER,Juhana,OMG,2261,353,295
66,CHALLENGER,해 태,T 1,2259,544,513
67,CHALLENGER,Duro,Gen,2255,271,221
68,CHALLENGER,오리지널찰떡쿠키,KR1,2254,346,264
69,CHALLENGER,T1 Eclipse,2009,2244,941,894
70,CHALLENGER,최섭섭,왜그랬섭,2240,216,163
71,CHALLENGER,DK Nevid,동두천왕,2232,363,323
72,CHALLENGER,꼬마딩구리,KR1,2227,620,565
73,CHALLENGER,evi,MioHF,2215,561,496
74,CHALLENGER,트타랑,6666,2215,187,153
75,CHALLENGER,Im noob777,777,2214,970,903
76,CHALLENGER,이 차가 식기전에,KR1,2214,459,401
77,CHALLENGER,T1 Jinbeom,KR3,2211,552,490
78,CHALLENGER,TheHank,Xhh,2211,366,324
79,CHALLENGER,gaubeo202,KR1,2205,528,472
80,CHALLENGER,Wonderwall,mid,2196,594,553
81,CHALLENGER,songman,KR11,2196,487,428
82,CHALLENGER,HLE GGomZi,666,2193,1004,934
83,CHALLENGER,Raptor,KR123,2193,302,252
84,CHALLENGER,소년가장 원딜,KR1,2191,407,350
85,CHALLENGER,DNS Quantum,KR 1,2187,631,598
86,CHALLENGER,ice seven zero,0721,2183,301,241
87,CHALLENGER,Maldives,0727,2177,526,487
88,CHALLENGER,mtrngrxsyl,6146,2177,422,362
89,CHALLENGER,YdBB,0107,2172,547,506
90,CHALLENGER,bai se zh1 chuan,qwe1,2168,1068,1030
91,CHALLENGER,srysrymb,1065,2163,516,469
92,CHALLENGER,NS Calix,KR11,2162,530,478
93,CHALLENGER,아키아,AKIA,2160,402,359
94,CHALLENGER,끝까지 포기하지말자,never,2160,253,126
95,CHALLENGER,T1 Midir,KR06,2159,861,804
96,CHALLENGER,모든일은같이,KR1,2159,329,262
97,CHALLENGER,t4k1zz,KR2,2154,480,428
98,CHALLENGER,칼과 창 방패,KR1,2149,265,227
99,CHALLENGER,얼러리뚱땅,KR33,2148,781,741
100,CHALLENGER,Faker,구라티,2148,435,406
101,CHALLENGER,yaya,YQFXX,2145,596,508
102,CHALLENGER,빵 디,씰룩씰룩,2142,527,452
103,CHALLENGER,Robin,星期日,2141,487,435
104,CHALLENGER,슈프림,1000,2130,390,324
105,CHALLENGER,라티오스,0406,2129,421,373
106,CHALLENGER,Miyi,oymy,2127,580,457
107,CHALLENGER,Cecilia,1325,2125,578,482
108,CHALLENGER,vinaka,KR1,2123,343,261
109,CHALLENGER,쪼렙이다말로하자,KR1,2121,655,594
110,CHALLENGER,抖音薄荷冰鸟,虞姬电竞,2121,444,389
111,CHALLENGER,라 쿤,박성호,2116,302,264
112,CHALLENGER,lingyo,6511,2111,602,494
113,CHALLENGER,댕청잇,KR123,2107,277,211
114,CHALLENGER,튼튼짱짱만욱,튼튼짱짱,2107,208,171
115,CHALLENGER,Zac,KR1,2106,925,867
116,CHALLENGER,홍상현 암살부대,KR2,2106,260,216
117,CHALLENGER,이직로그,0904,2105,634,587
118,CHALLENGER,히트맨,ddddd,2105,294,214
119,CHALLENGER,take me,1008,2102,111,32
120,CHALLENGER,长不高的小个子,top,2101,498,407
121,CHALLENGER,起风了,CCC,2101,335,233
122,CHALLENGER,강 철,샤 넬,2099,317,255
123,CHALLENGER,오 너,111,2098,386,345
124,CHALLENGER,vital,0916,2097,292,252
125,CHALLENGER,T1 Carim,0409,2084,550,511
126,CHALLENGER,김민교 수제자,KR1,2084,221,182
127,CHALLENGER,차가운코끼리,KR0,2083,888,858
128,CHALLENGER,DNS Pyosik,KR2,2083,534,473
129,CHALLENGER,유관빈,48KG,2080,263,169
130,CHALLENGER,Swamp,0916,2079,330,293
131,CHALLENGER,La La Land,라라랜드,2070,633,604
132,CHALLENGER,Cuzz,KR1,2069,149,111
133,CHALLENGER,메탈가루몬,0509,2068,244,190
134,CHALLENGER,정휘찬,공익요원,2066,413,366
135,CHALLENGER,liziyen,Gam,2060,621,573
136,CHALLENGER,抖音丶小猪仔,小猪仔,2058,881,826
137,CHALLENGER,hello,DVZA,2058,225,168
138,CHALLENGER,felisa,KR1,2052,343,293
139,CHALLENGER,로 컨,0214,2050,655,580
140,CHALLENGER,Athene,lll,2050,327,281
141,CHALLENGER,기리보이혁갓,아입니두,2047,465,434
142,CHALLENGER,나아침먹고싶어,7401,2047,368,305
143,CHALLENGER,抖音陈年卡特,xmm,2047,344,270
144,CHALLENGER,내말들리니왜이렇게말렸어,찬성정,2044,403,365
145,CHALLENGER,mashushu,KR1,2042,375,303
146,CHALLENGER,LiangChen,0611,2039,487,452
147,CHALLENGER,Shylie,KR1,2037,317,277
148,CHALLENGER,카리나,애교용,2036,772,690
149,CHALLENGER,현 준,0420,2036,331,286
150,CHALLENGER,고양이없는집사,S T,2036,216,134
151,CHALLENGER,Effort,4444,2035,164,141
152,CHALLENGER,Witt,123,2031,979,948
153,CHALLENGER,Tempester,KR3,2031,433,380
154,CHALLENGER,충 치,충치1,2030,987,930
155,CHALLENGER,오케이션,강민오우,2029,695,650
156,CHALLENGER,사람 안 믿어,KR1,2025,303,262
157,CHALLENGER,xiaofang,qaq,2019,389,350
158,CHALLENGER,guz1vjppr0kut3,2810,2018,609,551
159,CHALLENGER,가재 야호,239,2016,170,108
160,CHALLENGER,re0,2007,2015,538,499
161,CHALLENGER,SUPKING,1015,2015,523,499
162,CHALLENGER,b1n1,KR3,2015,473,438
163,CHALLENGER,3xdp,KR3,2015,243,204
164,CHALLENGER,BRO IDEA,2006,2013,646,477
165,CHALLENGER,Enosh,144,2013,319,277
166,CHALLENGER,想回家,real,2012,500,448
167,CHALLENGER,아무생각없음,0831,2011,698,665
168,CHALLENGER,Blade,Ggul,2010,687,613
169,CHALLENGER,중승민,중센조,2009,527,448
170,CHALLENGER,keb10,鈴原るる,2008,670,624
171,CHALLENGER,키보드에음료쏟아서고장내는이도윤,KR1,2008,287,240
172,CHALLENGER,NASA,쟁 구,2008,193,146
173,CHALLENGER,다훈갓,Bard,2007,255,225
174,CHALLENGER,EPG 카이조쿠단,키자루,2003,228,169
175,CHALLENGER,xX King Xx,GOD,2002,308,257
176,CHALLENGER,자이라쿤,성 호,1995,201,157
177,CHALLENGER,구름다리농장,0120,1993,918,872
178,CHALLENGER,박 씨,KR123,1988,524,464
179,CHALLENGER,Yuny,유니짜장맨,1983,874,823
180,CHALLENGER,라쿤99,KR1,1982,420,413
181,CHALLENGER,대형 헤드폰,1829,1981,306,201
182,CHALLENGER,T1 Solbon,KR6,1981,294,250
183,CHALLENGER,yaya,YQFZZ,1979,355,287
184,CHALLENGER,봄방학기간,KR1,1979,186,132
185,CHALLENGER,Ciro,KR10,1976,306,260
186,CHALLENGER,T1 에테르,1225,1975,862,801
187,CHALLENGER,Hugo小宝贝,君临韩服,1972,640,541
188,CHALLENGER,빠빠라기,KR3,1972,443,413
189,CHALLENGER,A D,0120,1972,124,87
190,CHALLENGER,들개처럼,KR1,1970,622,571
191,CHALLENGER,어색했,7766,1966,764,724
192,CHALLENGER,JGF,eill,1963,395,369
193,CHALLENGER,이지만의하루,이지만,1962,459,357
194,CHALLENGER,DK Despair,안 산,1959,693,655
195,CHALLENGER,Kingen,KR1,1959,510,455
196,CHALLENGER,hjzt0ahjhj,KR2,1958,423,372
197,CHALLENGER,夜雨声烦,YANG,1958,388,295
198,CHALLENGER,yang,bbgs,1957,222,118
199,CHALLENGER,奶熊王,枫哥不是区,1956,488,381
200,CHALLENGER,Crow,crow9,1954,563,498
201,CHALLENGER,홍부장,표지섭,1953,488,447
202,CHALLENGER,WE GO,이나경,1953,419,365
203,CHALLENGER,거제 야호,오이쉬,1952,435,384
204,CHALLENGER,抖音夕影,520,1952,196,128
205,CHALLENGER,문어아사랑해I,KR1,1950,316,262
206,CHALLENGER,한 냐,KR3,1948,783,750
207,CHALLENGER,지긋지긋해,Xin,1947,375,178
208,CHALLENGER,走心ovo,全能王,1947,341,288
209,CHALLENGER,KRX Willer,KRX,1946,315,291
210,CHALLENGER,SCP 002,GiaTy,1943,562,472
211,CHALLENGER,부부부,유튜브,1943,285,225
212,CHALLENGER,Juhana,IsYou,1940,833,802
213,CHALLENGER,이탈리아 스파게티 맛집 벨코즈,장인의솜씨,1938,407,349
214,CHALLENGER,딸깍푸슝맨,一炊之夢,1936,537,466
215,CHALLENGER,mikasa,0430,1935,196,130
216,CHALLENGER,Azhy,KR1,1935,167,125
217,CHALLENGER,피그차이나,KR1,1933,635,597
218,CHALLENGER,eqwdqg,KR1,1933,406,379
219,CHALLENGER,지 훈,KJH,1931,355,333
220,CHALLENGER,jkjkjkjkk,1173,1928,286,205
221,CHALLENGER,TOP UmTi,0602,1927,288,235
222,CHALLENGER,Hide on bush,KR1,1926,365,301
223,CHALLENGER,pleata,KR22,1925,299,241
224,CHALLENGER,wozaoyichenlun,xxxxx,1923,337,303
225,CHALLENGER,새우팔이소년,0206,1923,176,138
226,CHALLENGER,렝 화,렝 화,1919,688,639
227,CHALLENGER,hhiio6,Miss,1919,217,112
228,CHALLENGER,Na병현,2001,1912,900,842
229,CHALLENGER,투정꾼,Daemi,1912,467,438
230,CHALLENGER,평 타,BASIC,1911,626,555
231,CHALLENGER,우또기,KR1,1906,499,444
232,CHALLENGER,Lztovo,Mio韩服,1906,304,188
233,CHALLENGER,Lake Lucerne,kr2,1906,249,204
234,CHALLENGER,미안한데어쩌라고,KR1,1904,208,137
235,CHALLENGER,T1 Painter,KR3,1903,402,322
236,CHALLENGER,나의본색,KR1,1903,284,213
237,CHALLENGER,비주류 빌드 계정,KR1,1903,214,186
238,CHALLENGER,독기품기,123,1900,250,217
239,CHALLENGER,우 맨,who,1897,495,456
240,CHALLENGER,아 뜨,abc,1895,612,580
241,CHALLENGER,hacker troller,2907,1893,567,540
242,CHALLENGER,Eris,Greyt,1893,333,272
243,CHALLENGER,람곰치,BONK,1891,664,568
244,CHALLENGER,0611,s t,1891,225,121
245,CHALLENGER,자신감을잃지말자,KR1,1891,169,145
246,CHALLENGER,애LI 어른이LI,KR1,1890,373,340
247,CHALLENGER,NinjaKiwi,KoR,1889,1078,1016
248,CHALLENGER,KRX Winner,KR0,1883,515,474
249,CHALLENGER,BJ감,S T,1883,272,210
250,CHALLENGER,chesterbb,0811,1875,839,808
251,CHALLENGER,데마시아TV,Lux R,1871,377,318
252,CHALLENGER,태 윤,BFX,1870,328,295
253,CHALLENGER,Ehz NuygniX,99999,1868,570,517
254,CHALLENGER,YOSEMITE,0202,1868,565,458
255,CHALLENGER,도천지,KR1,1866,249,217
256,CHALLENGER,抖音Eason7,医生七,1866,238,188
257,CHALLENGER,광희짱,123,1865,296,239
258,CHALLENGER,명치에팔콘펀치꽂는이도윤,KR1,1864,558,500
259,CHALLENGER,Suyek,夙夜yuu,1864,263,160
260,CHALLENGER,Sama,水原铃瑞,1863,300,262
261,CHALLENGER,마라탕1,사주세요,1862,197,155
262,CHALLENGER,Ghost,올라갑니다,1861,959,935
263,CHALLENGER,거짓말,1005,1858,361,302
264,CHALLENGER,큼방가요,KR2,1857,453,420
265,CHALLENGER,LFT forge,KR2,1857,410,356
266,CHALLENGER,vvi2,KR1,1857,317,257
267,CHALLENGER,송플랭크,CTID,1854,467,444
268,CHALLENGER,메타몽,상휘몽,1852,632,568
269,CHALLENGER,44교시 생존수업,화요웹툰,1852,316,265
270,CHALLENGER,aa5a,aaa,1852,294,234
271,CHALLENGER,命定之死,Death,1851,490,448
272,CHALLENGER,kjkkjk,9977,1851,447,389
273,CHALLENGER,누가 최고야,KR1,1851,320,300
274,CHALLENGER,YeQiuFeng,yaya,1850,271,221
275,CHALLENGER,zhen xi,黑玫瑰,1848,218,161
276,CHALLENGER,Dorian,0404,1847,310,276
277,CHALLENGER,전 죽,4444,1847,302,237
278,CHALLENGER,혀 베임,0219,1847,289,246
279,CHALLENGER,SIRIUSS,KR 1,1845,415,378
280,CHALLENGER,LeicingWaa,2006,1844,327,308
281,CHALLENGER,乾夏帆,尔多龙,1844,286,188
282,CHALLENGER,Xbear7,777,1842,388,350
283,CHALLENGER,月下沙利叶,b9ii,1840,813,792
284,CHALLENGER,bababaabam,KR1,1839,503,456
285,CHALLENGER,douyin丶52jug,5252,1838,393,336
286,CHALLENGER,柚柚天天开心,ltz,1832,375,330
287,CHALLENGER,永远输不完,三分王,1832,330,281
288,CHALLENGER,MAGEBLOOD,E500,1830,680,600
289,CHALLENGER,Celine,KR33,1829,823,800
290,CHALLENGER,Asa,ε з,1825,474,380
291,CHALLENGER,klovejiao,jiao,1825,199,155
292,CHALLENGER,乌鲁木齐中路,Where,1819,767,714
293,CHALLENGER,막강주니,KR1,1817,340,297
294,CHALLENGER,ParisVan,不知名歌手,1811,1231,1192
295,CHALLENGER,Seven fire,雷霆嘎巴,1797,253,197
296,CHALLENGER,livinli,KR1,1794,360,329
297,CHALLENGER,Zzk,asdf,1792,627,569
298,CHALLENGER,Save,KR2,1766,413,380
299,CHALLENGER,Junhyuq,1002,1757,1532,1483
300,CHALLENGER,OnPi,온 피,1752,821,730
301,GRANDMASTER,호랑이가될남자,KR1,1939,1048,1007
302,GRANDMASTER,happy,day14,1836,583,555
303,GRANDMASTER,안재윤,안재윤,1827,236,170
304,GRANDMASTER,asdjipadsjip,KR1,1826,447,361
305,GRANDMASTER,Blue,KR33,1822,371,325
306,GRANDMASTER,암영천왕,KoR,1822,236,178
307,GRANDMASTER,Moe3,Mio,1817,279,213
308,GRANDMASTER,Rainy day,0808,1815,371,332
309,GRANDMASTER,Attacking,kr2,1813,176,155
310,GRANDMASTER,맘이멍들었죠,0128,1806,521,461
311,GRANDMASTER,NoRoo,T 1,1806,433,384
312,GRANDMASTER,메롱 약오르지롱,KR2,1806,246,198
313,GRANDMASTER,Comfy,KR2,1805,802,750
314,GRANDMASTER,U Han,111,1803,310,271
315,GRANDMASTER,REDRED,따바라,1800,804,779
316,GRANDMASTER,Burdol,1225,1798,425,393
317,GRANDMASTER,ovo,Mio韩服,1797,756,672
318,GRANDMASTER,Kiey,1551,1795,369,309
319,GRANDMASTER,zhang wen zi,KR1,1795,356,302
320,GRANDMASTER,안녕 시간의 숲,LOL,1795,252,162
321,GRANDMASTER,Hebi,스케치,1795,248,207
322,GRANDMASTER,제리 부하,2006,1791,391,308
323,GRANDMASTER,푸 린,OwO,1790,401,381
324,GRANDMASTER,Howling,hobin,1790,212,149
325,GRANDMASTER,MihawK,1115,1789,506,476
326,GRANDMASTER,DK Solid,마 산,1787,826,803
327,GRANDMASTER,Karis,KR4,1785,302,287
328,GRANDMASTER,Tked,KR2,1784,285,245
329,GRANDMASTER,DNS Hinata,9999,1783,938,908
330,GRANDMASTER,안 오면 죽을게,1116,1781,347,320
331,GRANDMASTER,haiyaoduojiu,1112,1780,629,581
332,GRANDMASTER,니 아,KR01,1780,182,142
333,GRANDMASTER,Thresh,S T,1779,226,184
334,GRANDMASTER,04년생태우형이야,1234,1778,351,280
335,GRANDMASTER,럭 스,1 등,1778,281,238
336,GRANDMASTER,May,KR43,1777,271,216
337,GRANDMASTER,사자심회,용족2,1776,212,117
338,GRANDMASTER,cccc,NICE,1775,370,302
339,GRANDMASTER,qianshi,小湘好,1774,833,760
340,GRANDMASTER,CCCdda,OET,1772,196,118
341,GRANDMASTER,소 중,유튜브,1770,115,63
342,GRANDMASTER,indomitable,rank1,1767,460,407
343,GRANDMASTER,근거리탑챔프만함,속았지,1766,406,322
344,GRANDMASTER,다시 잘해보기,KR12,1765,383,346
345,GRANDMASTER,마문2,0310,1765,213,123
346,GRANDMASTER,03년생양띠김연우돈갚아라,탁현종,1763,312,287
347,GRANDMASTER,금동몬스터,KR1,1763,227,189
348,GRANDMASTER,Whymesodiao,jiaq3,1762,344,301
349,GRANDMASTER,Bmav,0510,1762,290,256
350,GRANDMASTER,Let me sup,KR1,1761,919,882
351,GRANDMASTER,아 뜨,ART,1761,306,272
352,GRANDMASTER,FearBeyondDeath,Mercy,1761,294,247
353,GRANDMASTER,xiangshen1,KR1,1760,340,285
354,GRANDMASTER,Mihile,0301,1759,230,174
355,GRANDMASTER,sad and bad,KR1,1757,291,230
356,GRANDMASTER,푸카룡,요리킹,1757,220,197
357,GRANDMASTER,TSDGB,123,1757,167,97
358,GRANDMASTER,dadaism,S T,1755,252,178
359,GRANDMASTER,nun,linn,1754,237,149
360,GRANDMASTER,qweasdqweasdqw,KR1,1749,262,234
361,GRANDMASTER,플레이리스트겨울,KR1,1748,399,337
362,GRANDMASTER,결 혼,KR1,1747,699,673
363,GRANDMASTER,podo,S T,1747,449,400
364,GRANDMASTER,chen,zypp,1746,582,529
365,GRANDMASTER,낙 스,스 낙,1745,327,277
366,GRANDMASTER,Lionvjug,666,1744,275,185
367,GRANDMASTER,M G,2821,1741,801,760
368,GRANDMASTER,十三day,jug,1741,557,522
369,GRANDMASTER,上路折磨王,88888,1741,269,217
370,GRANDMASTER,하얗고예쁨,KR1,1739,314,290
371,GRANDMASTER,柳智敏,2849,1737,231,193
372,GRANDMASTER,New York,dream,1736,183,161
373,GRANDMASTER,희태시기,КR1,1733,539,498
374,GRANDMASTER,강하다 별,123,1731,676,651
375,GRANDMASTER,SMITE,K T,1727,812,766
376,GRANDMASTER,홍길동,3636,1726,578,542
377,GRANDMASTER,정말 말하는 눈을 가졌어,봄바람,1726,428,359
378,GRANDMASTER,곰팡호,Chzzk,1726,300,254
379,GRANDMASTER,Luon,11111,1724,627,583
380,GRANDMASTER,어리고싶다,KR1,1724,605,544
381,GRANDMASTER,xycg,KR1,1723,479,435
382,GRANDMASTER,uii6tee,kr11,1723,269,224
383,GRANDMASTER,Icarus,KR05,1721,284,185
384,GRANDMASTER,shangxianshen,Ambes,1719,459,357
385,GRANDMASTER,Heru,KR821,1719,411,375
386,GRANDMASTER,찬스케,KR1,1719,182,147
387,GRANDMASTER,Fluffy,qwe,1718,287,233
388,GRANDMASTER,碎碎念,思念QAQ,1717,590,546
389,GRANDMASTER,로트와일러,52kg,1717,216,171
390,GRANDMASTER,월 하,TnT,1716,269,172
391,GRANDMASTER,Bean,커피빈,1715,1144,1108
392,GRANDMASTER,龙宫公主,김유빈,1712,622,575
393,GRANDMASTER,Xiang,God,1712,562,529
394,GRANDMASTER,불이과 ,KR1,1711,442,408
395,GRANDMASTER,Neveradmitdefeat,ywn,1710,363,321
396,GRANDMASTER,이나경,아 로,1710,304,227
397,GRANDMASTER,世一上天灰灰,Riven,1709,529,430
398,GRANDMASTER,자프키엘,KR1,1708,666,600
399,GRANDMASTER,문영화,KR1,1708,331,308
400,GRANDMASTER,불가사의 카르테,KR1,1708,191,135
401,GRANDMASTER,꿈의 파괴자,0419,1707,273,229
402,GRANDMASTER,解放之鼓,甜甜果实,1706,142,47
403,GRANDMASTER,랜 턴,공 주,1705,253,208
404,GRANDMASTER,If Die Tomorrow,0301,1705,238,185
405,GRANDMASTER,무감정솔랭기계,2007,1704,681,645
406,GRANDMASTER,초보원딜러,KR1,1703,395,341
407,GRANDMASTER,옌빵이,0826,1702,286,204
408,GRANDMASTER,pzz 1,0626,1699,693,648
409,GRANDMASTER,dy灰白鬼怪,路过人间,1698,288,216
410,GRANDMASTER,악마의삶 이종하,KR1,1695,379,323
411,GRANDMASTER,엄민규,kr4,1695,348,313
412,GRANDMASTER,EPG 카이조쿠단,쿠 마,1694,859,844
413,GRANDMASTER,오 뀨,KR5,1694,432,405
414,GRANDMASTER,1Jiang,2003,1692,1354,1320
415,GRANDMASTER,2008 04 09,KR2,1691,688,644
416,GRANDMASTER,Castle,Jo1,1691,206,166
417,GRANDMASTER,shui,0000,1690,420,376
418,GRANDMASTER,나도 행복하자,KR0,1688,220,183
419,GRANDMASTER,kiss,0520,1685,388,304
420,GRANDMASTER,니 아,KR00,1685,301,262
421,GRANDMASTER,Kynel99,1104,1680,243,154
422,GRANDMASTER,JaxKing,FuHan,1679,391,329
423,GRANDMASTER,20262026,1111,1678,499,457
424,GRANDMASTER,BLG Viper,0708,1677,475,402
425,GRANDMASTER,小 云,ziye,1676,585,558
426,GRANDMASTER,perilla leaf,123,1676,241,179
427,GRANDMASTER,K T,KR0,1676,238,184
428,GRANDMASTER,뿌영환,KR03,1673,354,314
429,GRANDMASTER,bububu,KR7,1671,532,475
430,GRANDMASTER,간디도롤하면폭력,레문123,1670,426,397
431,GRANDMASTER,抖音丶星宇,wxy,1670,249,186
432,GRANDMASTER,토게데마루,777,1667,354,321
433,GRANDMASTER,Nostalgia,1941,1665,402,308
434,GRANDMASTER,usus,s t,1665,206,173
435,GRANDMASTER,Opinio,1011,1662,732,705
436,GRANDMASTER,Ezzz,2006,1662,293,202
437,GRANDMASTER,어흥 놀랐지,KR3,1662,145,96
438,GRANDMASTER,大雄弄丢了叮当猫,66666,1660,252,154
439,GRANDMASTER,花曜日,906,1659,708,655
440,GRANDMASTER,시비걸면지상렬,KR1,1659,516,452
441,GRANDMASTER,소파에 앉다,918,1659,326,250
442,GRANDMASTER,BerrGod,KR3,1657,504,476
443,GRANDMASTER,1 cent top,KR1,1656,290,241
444,GRANDMASTER,미움받을용기,1670,1656,185,136
445,GRANDMASTER,deeplove,4DKYM,1654,671,642
446,GRANDMASTER,dlwirma,이지금,1653,742,705
447,GRANDMASTER,Unique,0303,1653,244,209
448,GRANDMASTER,김촐래,KR2,1653,209,123
449,GRANDMASTER,적당한게 좋아,KR1,1652,245,186
450,GRANDMASTER,YiNova,2006,1651,730,704
451,GRANDMASTER,미북이,KR1,1651,313,272
452,GRANDMASTER,itt,520,1651,242,146
453,GRANDMASTER,뇌 녹 사,KR1,1650,235,208
454,GRANDMASTER,SRY,EEE,1650,193,102
455,GRANDMASTER,dy晚星白,bin,1649,272,212
456,GRANDMASTER,LazyFeel,KR7,1649,152,123
457,GRANDMASTER,Croco,0223,1648,195,160
458,GRANDMASTER,Anhuanhuan,huya,1647,434,372
459,GRANDMASTER,Yoruka Kirihime,KR4,1646,1300,1246
460,GRANDMASTER,성 훈,1231,1645,605,573
461,GRANDMASTER,nizuizhengui,小何的枪,1643,312,282
462,GRANDMASTER,JustLikeThatKR,KR1,1643,273,242
463,GRANDMASTER,에이긍,KR33,1641,564,541
464,GRANDMASTER,펀 치,S T,1635,371,339
465,GRANDMASTER,채팅안치기,할수있을까,1635,247,158
466,GRANDMASTER,plokijuhyg,yyc04,1635,212,182
467,GRANDMASTER,齐枫永恩34D,奶熊王,1633,467,428
468,GRANDMASTER,qwerdfb,qvq,1632,465,432
469,GRANDMASTER,Carim,0409,1632,274,238
470,GRANDMASTER,SnowFlower,0224,1631,462,423
471,GRANDMASTER,XiaoHuaSheng,kr8,1631,322,292
472,GRANDMASTER,y78y,Miss,1631,290,211
473,GRANDMASTER,이스굿,KR1,1630,210,166
474,GRANDMASTER,알쿵이달쿵,0106,1626,263,227
475,GRANDMASTER,Ming,GJH,1626,249,121
476,GRANDMASTER,HLE Buddy,5812,1625,1222,1161
477,GRANDMASTER,Zx56t,Miss,1625,227,127
478,GRANDMASTER,센 건,KR2,1624,189,145
479,GRANDMASTER,Daopa,KR1,1623,281,254
480,GRANDMASTER,T1 Weather,0830,1622,1153,1105
481,GRANDMASTER,Charge,ocean,1622,751,694
482,GRANDMASTER,Nuyoah,2077,1621,250,213
483,GRANDMASTER,질병게임1,KR1,1621,168,98
484,GRANDMASTER,Astra,KR4,1619,414,359
485,GRANDMASTER,add,ary,1617,512,418
486,GRANDMASTER,漆黒の氷と炎の魔法使い,KR123,1617,501,443
487,GRANDMASTER,위 로 금,받아라,1617,477,439
488,GRANDMASTER,관 모,KR2,1616,632,605
489,GRANDMASTER,Maybefff,0320,1616,447,418
490,GRANDMASTER,Good Day,1112,1616,306,221
491,GRANDMASTER,rrrrr,wywq,1616,244,191
492,GRANDMASTER,안녕하시렵니까,신 사,1615,224,176
493,GRANDMASTER,Sasuke,erid,1614,1005,960
494,GRANDMASTER,Practice Jg ID,KR1,1614,583,566
495,GRANDMASTER,못 하는게 뭘까,KR1,1614,389,351
496,GRANDMASTER,그렇더라고요,KR2,1614,388,334
497,GRANDMASTER,편백나무침대,kr2,1614,201,113
498,GRANDMASTER,jusaka,KR2,1611,392,314
499,GRANDMASTER,陨落的天才,世一中阳林,1609,1379,1320
500,GRANDMASTER,jackeybeibei,0810,1609,394,302
501,GRANDMASTER,구름강아지,시나모롤,1609,370,329
502,GRANDMASTER,ekffur,kr2,1609,278,246
503,GRANDMASTER,전라진,KR1,1608,253,223
504,GRANDMASTER,geonho,KR07,1606,734,693
505,GRANDMASTER,죽을 만큼 아파서,Alive,1605,736,678
506,GRANDMASTER,聞起來像中國菜,pig,1605,462,319
507,GRANDMASTER,yuedu,KR1,1605,401,368
508,GRANDMASTER,hewon,zzZ,1605,244,215
509,GRANDMASTER,김미밥,6666,1603,480,442
510,GRANDMASTER,이니쉬,KR2,1603,178,111
511,GRANDMASTER,Sanling,FPX,1602,756,736
512,GRANDMASTER,와구카운터,아프지,1601,473,389
513,GRANDMASTER,까미야뒤로굴러,KR1,1601,390,340
514,GRANDMASTER,아뇨아뇨아뇨아뇨,아니요,1601,231,200
515,GRANDMASTER,X지우,지 우,1601,216,176
516,GRANDMASTER,EPG 카이조쿠단,로 저,1600,449,416
517,GRANDMASTER,aaxxax,777,1600,218,186
518,GRANDMASTER,하지마라고햇잔아,kwb05,1598,947,907
519,GRANDMASTER,용맹의 방패,KR0,1598,480,459
520,GRANDMASTER,망고재민,Min,1598,405,369
521,GRANDMASTER,JUGKlNG,테무캐니언,1597,525,503
522,GRANDMASTER,신을 따르는 소년,KR13,1597,514,429
523,GRANDMASTER,차 캉,KR1,1597,258,216
524,GRANDMASTER,夜雨声烦,kiki,1597,254,152
525,GRANDMASTER,239476,1111,1596,556,441
526,GRANDMASTER,아르세우스,S T,1596,230,176
527,GRANDMASTER,네 요,ね よ,1595,428,387
528,GRANDMASTER,Your light,zypp,1595,217,180
529,GRANDMASTER,douyinsen,sen,1594,284,191
530,GRANDMASTER,YQYQ,KR1,1594,221,146
531,GRANDMASTER,POUt,QQ1,1593,360,318
532,GRANDMASTER,Spsp,S T,1592,270,228
533,GRANDMASTER,길호태,KR1,1591,687,620
534,GRANDMASTER,Daopa,CHZZK,1591,371,337
535,GRANDMASTER,MangoFish,6666,1591,213,166
536,GRANDMASTER,대 황 도,복숭아,1589,290,221
537,GRANDMASTER,Little Bomb,HK1,1588,315,287
538,GRANDMASTER,relink,gem,1586,208,179
539,GRANDMASTER,The shy,asdf,1586,138,94
540,GRANDMASTER,Universe,zy1,1585,434,396
541,GRANDMASTER,Panamera,s t,1585,212,145
542,GRANDMASTER,Sugar,Tasty,1585,160,131
543,GRANDMASTER,kingpo54,KR1,1584,679,652
544,GRANDMASTER,엘 에이 씨티,LA CT,1584,590,538
545,GRANDMASTER,The Herta,Hokai,1584,449,416
546,GRANDMASTER,Imagine Legends,KR1,1584,287,272
547,GRANDMASTER,zhongdan xiumin,KR1,1584,189,152
548,GRANDMASTER,로키의 코 드리블,2004,1581,936,917
549,GRANDMASTER,무면라이너,Rover,1581,245,213
550,GRANDMASTER,抖音丶cry毛,mio韩服,1580,516,427
551,GRANDMASTER,taone,na2,1579,361,300
552,GRANDMASTER,源yuan,1002,1579,332,208
553,GRANDMASTER,kfo,KR1,1577,1694,1651
554,GRANDMASTER,No Surprises,199,1574,133,93
555,GRANDMASTER,Trick or treat,KR7,1573,437,401
556,GRANDMASTER,FA Kingdom,KR1,1572,617,576
557,GRANDMASTER,기고만장원,59988,1572,318,266
558,GRANDMASTER,burny,6911,1572,216,161
559,GRANDMASTER,Error404Teemo,실명중독자,1571,203,127
560,GRANDMASTER,7Fun,tongz,1570,430,376
561,GRANDMASTER,수진이,1112,1570,379,328
562,GRANDMASTER,T1 이재명,재오페구케,1570,221,157
563,GRANDMASTER,상승민,빈약조,1569,191,125
564,GRANDMASTER,FAad,2007,1568,1151,1136
565,GRANDMASTER,抖音景德镇剑姬,jdzjj,1568,783,745
566,GRANDMASTER,Desire,Tired,1567,612,601
567,GRANDMASTER,Aespa,Kari,1567,385,328
568,GRANDMASTER,채팅1개당승률1감소인데진짜제발,왜그래다들,1566,254,184
569,GRANDMASTER,Asa Mitaka,KR22,1566,223,172
570,GRANDMASTER,허수아비,무적이야,1565,1372,1340
571,GRANDMASTER,Hauvippro102,1805,1565,764,684
572,GRANDMASTER,ahjhj d0 ngok,MVK,1565,604,544
573,GRANDMASTER,纳祖芒荣耀,카나인,1565,298,250
574,GRANDMASTER,고냉고냉,KR1,1563,403,332
575,GRANDMASTER,you xi,KR1,1563,358,336
576,GRANDMASTER,김익동,KR1,1562,358,326
577,GRANDMASTER,7yiop,Miss,1562,346,264
578,GRANDMASTER,222,제 발,1561,223,163
579,GRANDMASTER,Ekkorea,SUNA,1561,181,118
580,GRANDMASTER,what is freedom,dyx,1560,807,783
581,GRANDMASTER,Summer Ghost,KR1,1560,439,407
582,GRANDMASTER,meviusskybluelon,gs6mg,1560,416,402
583,GRANDMASTER,Takey,KR99,1560,295,247
584,GRANDMASTER,권효서,효 서,1560,123,89
585,GRANDMASTER,Pizano,KR1,1559,595,550
586,GRANDMASTER,93642875del,KR1,1558,313,244
587,GRANDMASTER,斗鱼南波儿,00201,1558,186,156
588,GRANDMASTER,바바바밤,1999,1557,261,213
589,GRANDMASTER,稳当人,外卖员,1555,636,549
590,GRANDMASTER,개인팟,개인팟,1555,535,499
591,GRANDMASTER,qwerfdsa,S T,1555,212,175
592,GRANDMASTER,Aklass,lol,1554,402,378
593,GRANDMASTER,부스터,11111,1554,334,283
594,GRANDMASTER,Strawberry,S T,1552,220,213
595,GRANDMASTER,Devoured,JGGOD,1551,264,211
596,GRANDMASTER,xinyanbajian,KR1,1549,699,658
597,GRANDMASTER,斗鱼丶自宇666,zoe,1549,515,430
598,GRANDMASTER,코그모,ΚR1,1549,176,128
599,GRANDMASTER,jiejie,jug,1547,556,525
600,GRANDMASTER,Lactea Rx,KR1,1545,410,378
601,GRANDMASTER,잠자는 왕,KR1,1542,572,527
602,GRANDMASTER,lkkk,0530,1542,236,177
603,GRANDMASTER,keria,1212,1540,618,599
604,GRANDMASTER,배만져달라고배까는몽글이,발라당,1540,369,329
605,GRANDMASTER,동구리미드,피노키오,1539,250,221
606,GRANDMASTER,Jar of Flies,Dirt,1539,140,105
607,GRANDMASTER,Sty1eee,1101,1538,761,701
608,GRANDMASTER,sleep late,0606,1537,449,388
609,GRANDMASTER,Manchester,sea,1537,293,251
610,GRANDMASTER,김하콩,하 리,1536,222,173
611,GRANDMASTER,vprgh,0816,1533,480,443
612,GRANDMASTER,songman,누가진짤까,1533,297,275
613,GRANDMASTER,바켱낙,KR1,1533,237,204
614,GRANDMASTER,李源榮,唯我獨尊,1532,258,172
615,GRANDMASTER,たばこ,asd,1532,215,128
616,GRANDMASTER,NS Ark,Lost,1531,581,542
617,GRANDMASTER,Tigoya,123,1531,548,506
618,GRANDMASTER,Qnayia,ztmy,1529,762,735
619,GRANDMASTER,심규제,심규제,1528,358,333
620,GRANDMASTER,잼 잼,1012,1526,348,315
621,GRANDMASTER,조선의명장이순신,KR1,1526,265,174
622,GRANDMASTER,lost valor,592,1524,418,323
623,GRANDMASTER,데이터얻는계정,지나갈게요,1524,355,291
624,GRANDMASTER,망 령,KR7,1522,440,405
625,GRANDMASTER,addong,KR7,1521,531,484
626,GRANDMASTER,carrryy,2003,1519,257,244
627,GRANDMASTER,티 어,ε з,1518,1441,1394
628,GRANDMASTER,키아요,S T,1518,484,417
629,GRANDMASTER,재형2,1113,1518,250,190
630,GRANDMASTER,Kania,kr04,1517,476,463
631,GRANDMASTER,이화작용,КR1,1517,399,360
632,GRANDMASTER,Yue,20116,1517,360,329
633,GRANDMASTER,Kim Sang Hoon,Rell,1517,250,220
634,GRANDMASTER,진짜롤너무어렵다,FATOP,1516,566,522
635,GRANDMASTER,OneZang,KR99,1516,396,389
636,GRANDMASTER,아름다운 나라,KR2,1515,463,420
637,GRANDMASTER,adcbef,알파벳공부,1515,320,301
638,GRANDMASTER,기빠이,간바레,1515,203,176
639,GRANDMASTER,OnFleek,KR2,1514,279,214
640,GRANDMASTER,캐치캐치,2222,1513,357,280
641,GRANDMASTER,angkouc,1234,1512,300,216
642,GRANDMASTER,Thisisbear,Thisb,1511,577,539
643,GRANDMASTER,Kasa,1002,1511,166,82
644,GRANDMASTER,한 샘,한 샘 ,1509,623,573
645,GRANDMASTER,치무식,목을뽑다,1507,727,699
646,GRANDMASTER,puppyxi,1123,1507,530,490
647,GRANDMASTER,부캐일껄아마도,KR1,1507,347,320
648,GRANDMASTER,광 왕,KR0,1506,283,254
649,GRANDMASTER,CN Combo Lee,KR1,1505,314,282
650,GRANDMASTER,零六06,Mio韩服,1505,257,178
651,GRANDMASTER,方宁奇亚娜,Mio韩服,1504,575,486
652,GRANDMASTER,flymetothestar,1127,1504,523,454
653,GRANDMASTER,惊喜惊喜,KR3,1504,444,420
654,GRANDMASTER,상상의 너머,KR1,1504,297,243
655,GRANDMASTER,BRO Wooper,KR3,1502,622,598
656,GRANDMASTER,채팅치지마시바,kr2,1501,313,280
657,GRANDMASTER,tylooshen,KR4,1499,313,238
658,GRANDMASTER,,,1499,207,174
659,GRANDMASTER,,,1496,354,315
660,GRANDMASTER,,,1496,229,184
661,GRANDMASTER,,,1495,210,184
662,GRANDMASTER,,,1495,112,67
663,GRANDMASTER,,,1494,248,159
664,GRANDMASTER,,,1493,1010,979
665,GRANDMASTER,,,1492,165,121
666,GRANDMASTER,,,1490,520,452
667,GRANDMASTER,,,1490,339,303
668,GRANDMASTER,,,1490,328,285
669,GRANDMASTER,,,1490,201,175
670,GRANDMASTER,,,1489,520,487
671,GRANDMASTER,,,1489,239,150
672,GRANDMASTER,,,1488,395,353
673,GRANDMASTER,,,1488,243,205
674,GRANDMASTER,,,1485,1155,1114
675,GRANDMASTER,,,1484,748,734
676,GRANDMASTER,who am i,6320,1483,598,557
677,GRANDMASTER,,,1480,152,107
678,GRANDMASTER,,,1476,572,541
679,GRANDMASTER,,,1476,157,111
680,GRANDMASTER,,,1475,677,560
681,GRANDMASTER,,,1475,500,417
682,GRANDMASTER,,,1475,343,316
683,GRANDMASTER,,,1475,249,218
684,GRANDMASTER,,,1474,603,551
685,GRANDMASTER,,,1474,563,527
686,GRANDMASTER,,,1474,374,317
687,GRANDMASTER,,,1474,257,237
688,GRANDMASTER,,,1473,375,328
689,GRANDMASTER,,,1472,266,250
690,GRANDMASTER,,,1471,555,467
691,GRANDMASTER,,,1471,439,396
692,GRANDMASTER,,,1470,278,239
693,GRANDMASTER,,,1469,1077,1073
694,GRANDMASTER,,,1469,716,678
695,GRANDMASTER,,,1469,269,213
696,GRANDMASTER,,,1469,264,213
697,GRANDMASTER,,,1468,271,229
698,GRANDMASTER,,,1467,600,579
699,GRANDMASTER,,,1466,341,308
700,GRANDMASTER,,,1466,293,208
701,GRANDMASTER,,,1465,251,240
702,GRANDMASTER,,,1464,368,331
703,GRANDMASTER,,,1464,316,233
704,GRANDMASTER,,,1463,578,538
705,GRANDMASTER,,,1463,329,291
706,GRANDMASTER,,,1463,210,173
707,GRANDMASTER,,,1463,199,169
708,GRANDMASTER,,,1463,130,57
709,GRANDMASTER,,,1461,299,221
710,GRANDMASTER,,,1461,287,242
711,GRANDMASTER,,,1460,625,601
712,GRANDMASTER,,,1460,388,376
713,GRANDMASTER,,,1460,268,221
714,GRANDMASTER,,,1460,205,173
715,GRANDMASTER,,,1460,115,43
716,GRANDMASTER,,,1459,639,589
717,GRANDMASTER,,,1459,191,123
718,GRANDMASTER,,,1458,219,182
719,GRANDMASTER,,,1457,465,440
720,GRANDMASTER,,,1457,305,285
721,GRANDMASTER,,,1456,826,789
722,GRANDMASTER,,,1456,515,484
723,GRANDMASTER,,,1456,464,427
724,GRANDMASTER,,,1456,275,239
725,GRANDMASTER,,,1456,272,234
726,GRANDMASTER,,,1456,155,117
727,GRANDMASTER,,,1455,464,455
728,GRANDMASTER,,,1455,302,245
729,GRANDMASTER,,,1455,138,59
730,GRANDMASTER,,,1453,493,440
731,GRANDMASTER,,,1453,402,324
732,GRANDMASTER,,,1453,372,328
733,GRANDMASTER,,,1452,937,923
734,GRANDMASTER,,,1452,325,304
735,GRANDMASTER,,,1452,315,274
736,GRANDMASTER,,,1452,205,164
737,GRANDMASTER,,,1450,367,315
738,GRANDMASTER,,,1450,305,255
739,GRANDMASTER,,,1450,220,178
740,GRANDMASTER,,,1449,170,134
741,GRANDMASTER,,,1448,487,423
742,GRANDMASTER,,,1448,303,223
743,GRANDMASTER,,,1448,216,183
744,GRANDMASTER,,,1448,206,144
745,GRANDMASTER,,,1446,593,553
746,GRANDMASTER,,,1446,423,383
747,GRANDMASTER,,,1446,185,145
748,GRANDMASTER,,,1445,291,215
749,GRANDMASTER,,,1445,248,209
750,GRANDMASTER,,,1443,341,323
751,GRANDMASTER,,,1443,252,210
752,GRANDMASTER,,,1442,471,441
753,GRANDMASTER,,,1440,535,514
754,GRANDMASTER,,,1439,589,576
755,GRANDMASTER,,,1439,382,331
756,GRANDMASTER,,,1439,332,211
757,GRANDMASTER,,,1439,273,186
758,GRANDMASTER,,,1438,360,332
759,GRANDMASTER,,,1438,245,219
760,GRANDMASTER,,,1438,240,197
761,GRANDMASTER,,,1437,894,897
762,GRANDMASTER,,,1437,504,484
763,GRANDMASTER,,,1436,1861,1827
764,GRANDMASTER,,,1436,189,164
765,GRANDMASTER,,,1435,321,232
766,GRANDMASTER,,,1434,604,527
767,GRANDMASTER,,,1434,161,117
768,GRANDMASTER,,,1433,605,590
769,GRANDMASTER,,,1433,364,283
770,GRANDMASTER,,,1432,470,386
771,GRANDMASTER,,,1431,470,393
772,GRANDMASTER,,,1430,238,197
773,GRANDMASTER,,,1429,416,385
774,GRANDMASTER,,,1429,342,305
775,GRANDMASTER,,,1428,599,575
776,GRANDMASTER,,,1428,316,224
777,GRANDMASTER,,,1428,228,182
778,GRANDMASTER,,,1428,129,104
779,GRANDMASTER,,,1427,348,286
780,GRANDMASTER,,,1427,330,306
781,GRANDMASTER,,,1427,244,213
782,GRANDMASTER,,,1426,288,274
783,GRANDMASTER,,,1426,283,212
784,GRANDMASTER,,,1425,384,330
785,GRANDMASTER,,,1425,320,297
786,GRANDMASTER,,,1424,639,598
787,GRANDMASTER,,,1422,567,541
788,GRANDMASTER,,,1422,344,282
789,GRANDMASTER,,,1421,515,471
790,GRANDMASTER,,,1421,315,259
791,GRANDMASTER,,,1421,237,176
792,GRANDMASTER,,,1420,373,216
793,GRANDMASTER,,,1420,233,193
794,GRANDMASTER,,,1419,461,423
795,GRANDMASTER,,,1419,204,129
796,GRANDMASTER,,,1418,357,312
797,GRANDMASTER,,,1418,170,123
798,GRANDMASTER,,,1417,1680,1649
799,GRANDMASTER,,,1417,477,447
800,GRANDMASTER,,,1417,431,427
801,GRANDMASTER,,,1417,240,193
802,GRANDMASTER,,,1416,373,291
803,GRANDMASTER,,,1416,353,316
804,GRANDMASTER,,,1416,193,154
805,GRANDMASTER,,,1415,345,329
806,GRANDMASTER,,,1415,218,178
807,GRANDMASTER,,,1413,435,369
808,GRANDMASTER,,,1413,283,263
809,GRANDMASTER,,,1412,554,522
810,GRANDMASTER,,,1412,442,406
811,GRANDMASTER,,,1412,261,196
812,GRANDMASTER,,,1411,264,237
813,GRANDMASTER,,,1411,257,213
814,GRANDMASTER,,,1411,212,160
815,GRANDMASTER,,,1411,196,170
816,GRANDMASTER,,,1411,171,139
817,GRANDMASTER,,,1411,145,59
818,GRANDMASTER,,,1410,504,461
819,GRANDMASTER,,,1409,948,863
820,GRANDMASTER,,,1409,228,148
821,GRANDMASTER,,,1407,475,459
822,GRANDMASTER,,,1407,383,346
823,GRANDMASTER,,,1406,491,441
824,GRANDMASTER,,,1406,438,406
825,GRANDMASTER,,,1406,309,273
826,GRANDMASTER,,,1406,267,192
827,GRANDMASTER,,,1406,110,71
828,GRANDMASTER,,,1405,302,296
829,GRANDMASTER,,,1405,201,184
830,GRANDMASTER,,,1404,851,824
831,GRANDMASTER,,,1404,737,723
832,GRANDMASTER,,,1404,280,246
833,GRANDMASTER,,,1404,232,151
834,GRANDMASTER,,,1403,208,163
835,GRANDMASTER,,,1403,169,127
836,GRANDMASTER,,,1402,988,999
837,GRANDMASTER,,,1402,604,555
838,GRANDMASTER,,,1402,439,370
839,GRANDMASTER,,,1402,301,266
840,GRANDMASTER,,,1401,409,399
841,GRANDMASTER,,,1401,316,251
842,GRANDMASTER,,,1401,207,162
843,GRANDMASTER,,,1400,818,781
844,GRANDMASTER,,,1399,599,552
845,GRANDMASTER,,,1399,546,511
846,GRANDMASTER,,,1397,426,351
847,GRANDMASTER,,,1396,516,489
848,GRANDMASTER,,,1396,363,329
849,GRANDMASTER,,,1396,188,154
850,GRANDMASTER,,,1395,546,510
851,GRANDMASTER,,,1395,382,345
852,GRANDMASTER,,,1395,300,241
853,GRANDMASTER,,,1394,924,874
854,GRANDMASTER,,,1394,367,316
855,GRANDMASTER,,,1394,145,65
856,GRANDMASTER,,,1393,540,479
857,GRANDMASTER,,,1392,273,240
858,GRANDMASTER,,,1391,774,758
859,GRANDMASTER,,,1391,525,494
860,GRANDMASTER,,,1391,256,201
861,GRANDMASTER,,,1391,120,61
862,GRANDMASTER,,,1390,1299,1273
863,GRANDMASTER,,,1390,598,503
864,GRANDMASTER,,,1389,640,633
865,GRANDMASTER,,,1389,423,393
866,GRANDMASTER,,,1387,414,359
867,GRANDMASTER,,,1387,401,356
868,GRANDMASTER,,,1386,558,514
869,GRANDMASTER,,,1386,198,150
870,GRANDMASTER,,,1385,271,245
871,GRANDMASTER,,,1384,620,590
872,GRANDMASTER,,,1384,200,125
873,GRANDMASTER,,,1383,344,310
874,GRANDMASTER,,,1383,156,98
875,GRANDMASTER,,,1382,567,525
876,GRANDMASTER,,,1381,415,412
877,GRANDMASTER,,,1380,393,359
878,GRANDMASTER,,,1380,297,220
879,GRANDMASTER,,,1380,207,169
880,GRANDMASTER,,,1379,561,536
881,GRANDMASTER,,,1379,188,150
882,GRANDMASTER,,,1378,493,484
883,GRANDMASTER,,,1378,400,348
884,GRANDMASTER,,,1378,374,323
885,GRANDMASTER,,,1377,239,150
886,GRANDMASTER,,,1376,108,77
887,GRANDMASTER,,,1375,184,159
888,GRANDMASTER,,,1374,276,258
889,GRANDMASTER,,,1374,200,164
890,GRANDMASTER,,,1374,198,160
891,GRANDMASTER,,,1373,991,950
892,GRANDMASTER,,,1373,344,296
893,GRANDMASTER,,,1372,470,446
894,GRANDMASTER,,,1372,465,432
895,GRANDMASTER,,,1372,423,392
896,GRANDMASTER,,,1371,234,126
897,GRANDMASTER,,,1370,703,670
898,GRANDMASTER,,,1370,561,522
899,GRANDMASTER,,,1370,443,415
900,GRANDMASTER,,,1370,424,337
901,GRANDMASTER,,,1370,297,167
902,GRANDMASTER,,,1369,221,165
903,GRANDMASTER,,,1368,580,544
904,GRANDMASTER,,,1368,279,200
905,GRANDMASTER,,,1367,851,831
906,GRANDMASTER,,,1367,574,558
907,GRANDMASTER,,,1366,460,298
908,GRANDMASTER,,,1366,377,342
909,GRANDMASTER,,,1365,186,147
910,GRANDMASTER,,,1363,358,313
911,GRANDMASTER,,,1363,170,142
912,GRANDMASTER,,,1362,451,434
913,GRANDMASTER,,,1362,441,399
914,GRANDMASTER,,,1362,309,276
915,GRANDMASTER,,,1362,246,171
916,GRANDMASTER,,,1362,201,146
917,GRANDMASTER,,,1362,118,79
918,GRANDMASTER,,,1360,404,370
919,GRANDMASTER,,,1360,260,203
920,GRANDMASTER,,,1360,244,224
921,GRANDMASTER,,,1360,211,194
922,GRANDMASTER,,,1360,174,126
923,GRANDMASTER,,,1359,302,270
924,GRANDMASTER,,,1359,289,241
925,GRANDMASTER,,,1359,236,202
926,GRANDMASTER,,,1358,519,488
927,GRANDMASTER,,,1357,401,358
928,GRANDMASTER,,,1357,335,276
929,GRANDMASTER,,,1356,360,286
930,GRANDMASTER,,,1356,207,136
931,GRANDMASTER,,,1356,132,99
932,GRANDMASTER,,,1355,722,699
933,GRANDMASTER,,,1355,576,547
934,GRANDMASTER,,,1355,564,535
935,GRANDMASTER,,,1354,410,370
936,GRANDMASTER,,,1353,455,405
937,GRANDMASTER,,,1353,330,295
938,GRANDMASTER,,,1353,185,146
939,GRANDMASTER,,,1353,129,92
940,GRANDMASTER,,,1352,542,480
941,GRANDMASTER,,,1350,348,314
942,GRANDMASTER,,,1350,189,175
943,GRANDMASTER,,,1349,450,432
944,GRANDMASTER,,,1349,366,323
945,GRANDMASTER,,,1348,391,341
946,GRANDMASTER,,,1348,193,186
947,GRANDMASTER,,,1348,117,40
948,GRANDMASTER,,,1347,1188,1160
949,GRANDMASTER,,,1347,431,363
950,GRANDMASTER,,,1347,186,130
951,GRANDMASTER,,,1347,168,141
952,GRANDMASTER,,,1346,354,352
953,GRANDMASTER,,,1346,272,263
954,GRANDMASTER,,,1346,211,154
955,GRANDMASTER,,,1345,517,500
956,GRANDMASTER,,,1345,427,352
957,GRANDMASTER,,,1345,272,233
958,GRANDMASTER,,,1345,257,215
959,GRANDMASTER,,,1345,156,111
960,GRANDMASTER,,,1344,275,238
961,GRANDMASTER,,,1344,268,217
962,GRANDMASTER,,,1344,249,218
963,GRANDMASTER,,,1343,222,187
964,GRANDMASTER,,,1343,137,55
965,GRANDMASTER,,,1343,119,59
966,GRANDMASTER,,,1342,339,312
967,GRANDMASTER,,,1342,256,234
968,GRANDMASTER,,,1342,118,39
969,GRANDMASTER,,,1341,975,964
970,GRANDMASTER,,,1341,175,103
971,GRANDMASTER,,,1341,172,109
972,GRANDMASTER,,,1341,160,127
973,GRANDMASTER,,,1340,630,596
974,GRANDMASTER,,,1340,207,161
975,GRANDMASTER,,,1339,389,374
976,GRANDMASTER,,,1339,256,206
977,GRANDMASTER,,,1339,87,62
978,GRANDMASTER,,,1338,748,700
979,GRANDMASTER,,,1338,577,503
980,GRANDMASTER,,,1338,442,426
981,GRANDMASTER,,,1337,255,211
982,GRANDMASTER,,,1337,250,210
983,GRANDMASTER,,,1337,173,142
984,GRANDMASTER,,,1336,839,810
985,GRANDMASTER,,,1334,431,402
986,GRANDMASTER,,,1333,222,190
987,GRANDMASTER,,,1332,730,696
988,GRANDMASTER,,,1332,455,415
989,GRANDMASTER,,,1332,145,84
990,GRANDMASTER,,,1331,219,179
991,GRANDMASTER,,,1329,299,258
992,GRANDMASTER,,,1327,1052,1013
993,GRANDMASTER,,,1319,480,412
994,GRANDMASTER,,,1317,170,136
995,GRANDMASTER,,,1316,230,203
996,GRANDMASTER,,,1281,835,815
997,GRANDMASTER,,,1271,274,236
998,GRANDMASTER,,,1265,951,953
999,GRANDMASTER,,,1259,564,539
1000,GRANDMASTER,,,1223,497,421
